{
  "label": "TestA_with_MoE_configs",
  "results": [
    {
      "round": 1,
      "tokens": 4096,
      "time_s": 244.18530574000033,
      "tok_per_s": 16.774146124751965
    },
    {
      "round": 2,
      "tokens": 4096,
      "time_s": 244.14752835800027,
      "tok_per_s": 16.77674161826419
    },
    {
      "round": 3,
      "tokens": 4096,
      "time_s": 244.23952209800336,
      "tok_per_s": 16.770422595064048
    }
  ],
  "avg_tok_per_s": 16.773770112693402
}